{"cameraMode":{"drawMode":0,"name":"Shaded","section":"Shading Mode"},"sceneLighting":true,"audioPlay":false,"sceneViewState":{"showFog":true,"showMaterialUpdate":false,"showSkybox":true,"showFlares":true,"showImageEffects":true,"showParticleSystems":true},"in2DMode":false,"pivot":{"x":100.03400421142578,"y":-23.217924118041993,"z":145.17654418945313},"rotation":{"x":0.14308884739875794,"y":0.8528775572776794,"z":-0.3989032506942749,"w":0.3058414161205292},"size":68.92243957519531,"orthographic":true}